method,offset,first_step,latest_step,episode,start_step,first_success,latest_success,transition
btm,25,1000,16681,14367,51,1,1,succeeded_both
btm,25,1000,16681,13439,15,0,0,failed_both
btm,25,1000,16681,3815,84,1,1,succeeded_both
btm,25,1000,16681,18280,53,1,0,lost_success
btm,25,1000,16681,15715,63,0,0,failed_both
btm,25,1000,16681,14197,10,1,1,succeeded_both
btm,25,1000,16681,2458,79,0,0,failed_both
btm,25,1000,16681,1685,49,0,0,failed_both
btm,25,1000,16681,12303,119,0,0,failed_both
btm,25,1000,16681,9694,56,1,0,lost_success
btm,25,1000,16681,8155,73,0,0,failed_both
btm,25,1000,16681,1637,85,1,0,lost_success
btm,25,1000,16681,8672,17,0,0,failed_both
btm,25,1000,16681,15904,38,0,0,failed_both
btm,25,1000,16681,1718,30,0,0,failed_both
btm,25,1000,16681,13733,48,0,0,failed_both
btm,25,1000,16681,14705,5,0,0,failed_both
btm,25,1000,16681,8287,77,1,1,succeeded_both
btm,25,1000,16681,13100,14,1,0,lost_success
btm,25,1000,16681,9893,75,0,0,failed_both
btm,50,1000,16681,14264,26,0,0,failed_both
btm,50,1000,16681,13409,22,0,0,failed_both
btm,50,1000,16681,3791,65,1,0,lost_success
btm,50,1000,16681,18280,36,1,0,lost_success
btm,50,1000,16681,15627,21,1,1,succeeded_both
btm,50,1000,16681,14101,3,0,1,gained_success
btm,50,1000,16681,2409,27,0,0,failed_both
btm,50,1000,16681,1675,38,1,0,lost_success
btm,50,1000,16681,12270,97,1,1,succeeded_both
btm,50,1000,16681,9639,39,0,0,failed_both
btm,50,1000,16681,8082,53,0,0,failed_both
btm,50,1000,16681,1627,66,0,0,failed_both
btm,50,1000,16681,8654,12,0,0,failed_both
btm,50,1000,16681,15848,10,1,1,succeeded_both
btm,50,1000,16681,1718,18,0,0,failed_both
btm,50,1000,16681,13711,36,1,0,lost_success
btm,50,1000,16681,14645,4,0,0,failed_both
btm,50,1000,16681,8219,61,0,0,failed_both
btm,50,1000,16681,13061,10,0,1,gained_success
btm,50,1000,16681,9844,57,1,0,lost_success
btm,100,1000,16681,13649,14,0,0,failed_both
btm,100,1000,16681,13082,3,1,0,lost_success
btm,100,1000,16681,3714,34,0,0,failed_both
btm,100,1000,16681,17889,25,0,0,failed_both
btm,100,1000,16681,15609,3,0,0,failed_both
btm,100,1000,16681,13556,1,1,1,succeeded_both
btm,100,1000,16681,2659,39,1,0,lost_success
btm,100,1000,16681,1596,16,1,1,succeeded_both
btm,100,1000,16681,11953,27,0,0,failed_both
btm,100,1000,16681,9663,6,0,0,failed_both
btm,100,1000,16681,8000,29,1,0,lost_success
btm,100,1000,16681,1556,28,0,0,failed_both
btm,100,1000,16681,8422,7,0,0,failed_both
btm,100,1000,16681,15898,10,0,0,failed_both
btm,100,1000,16681,1643,17,0,0,failed_both
btm,100,1000,16681,13338,42,0,0,failed_both
btm,100,1000,16681,14012,3,0,0,failed_both
btm,100,1000,16681,8082,10,0,1,gained_success
btm,100,1000,16681,12614,16,0,0,failed_both
btm,100,1000,16681,9812,20,0,0,failed_both
flow,25,1000,7149,14367,51,1,0,lost_success
flow,25,1000,7149,13439,15,1,1,succeeded_both
flow,25,1000,7149,3815,84,1,1,succeeded_both
flow,25,1000,7149,18280,53,0,0,failed_both
flow,25,1000,7149,15715,63,1,0,lost_success
flow,25,1000,7149,14197,10,1,0,lost_success
flow,25,1000,7149,2458,79,0,0,failed_both
flow,25,1000,7149,1685,49,1,0,lost_success
flow,25,1000,7149,12303,119,0,0,failed_both
flow,25,1000,7149,9694,56,1,1,succeeded_both
flow,25,1000,7149,8155,73,0,0,failed_both
flow,25,1000,7149,1637,85,1,0,lost_success
flow,25,1000,7149,8672,17,0,0,failed_both
flow,25,1000,7149,15904,38,0,0,failed_both
flow,25,1000,7149,1718,30,1,0,lost_success
flow,25,1000,7149,13733,48,0,0,failed_both
flow,25,1000,7149,14705,5,0,0,failed_both
flow,25,1000,7149,8287,77,0,1,gained_success
flow,25,1000,7149,13100,14,1,0,lost_success
flow,25,1000,7149,9893,75,0,0,failed_both
flow,50,1000,7149,14264,26,0,0,failed_both
flow,50,1000,7149,13409,22,0,1,gained_success
flow,50,1000,7149,3791,65,1,0,lost_success
flow,50,1000,7149,18280,36,0,0,failed_both
flow,50,1000,7149,15627,21,0,0,failed_both
flow,50,1000,7149,14101,3,0,0,failed_both
flow,50,1000,7149,2409,27,0,0,failed_both
flow,50,1000,7149,1675,38,1,1,succeeded_both
flow,50,1000,7149,12270,97,1,0,lost_success
flow,50,1000,7149,9639,39,0,0,failed_both
flow,50,1000,7149,8082,53,0,0,failed_both
flow,50,1000,7149,1627,66,0,0,failed_both
flow,50,1000,7149,8654,12,0,0,failed_both
flow,50,1000,7149,15848,10,1,0,lost_success
flow,50,1000,7149,1718,18,0,0,failed_both
flow,50,1000,7149,13711,36,1,0,lost_success
flow,50,1000,7149,14645,4,0,0,failed_both
flow,50,1000,7149,8219,61,1,0,lost_success
flow,50,1000,7149,13061,10,0,0,failed_both
flow,50,1000,7149,9844,57,0,0,failed_both
flow,100,1000,7149,13649,14,0,0,failed_both
flow,100,1000,7149,13082,3,1,1,succeeded_both
flow,100,1000,7149,3714,34,0,0,failed_both
flow,100,1000,7149,17889,25,0,0,failed_both
flow,100,1000,7149,15609,3,0,0,failed_both
flow,100,1000,7149,13556,1,0,0,failed_both
flow,100,1000,7149,2659,39,0,0,failed_both
flow,100,1000,7149,1596,16,0,0,failed_both
flow,100,1000,7149,11953,27,0,0,failed_both
flow,100,1000,7149,9663,6,0,0,failed_both
flow,100,1000,7149,8000,29,1,1,succeeded_both
flow,100,1000,7149,1556,28,0,0,failed_both
flow,100,1000,7149,8422,7,0,0,failed_both
flow,100,1000,7149,15898,10,0,1,gained_success
flow,100,1000,7149,1643,17,0,0,failed_both
flow,100,1000,7149,13338,42,0,0,failed_both
flow,100,1000,7149,14012,3,1,0,lost_success
flow,100,1000,7149,8082,10,0,0,failed_both
flow,100,1000,7149,12614,16,1,0,lost_success
flow,100,1000,7149,9812,20,0,0,failed_both
