step,offset,episodes,btm_success,flow_success,btm_minus_flow_pp,ci95_low_pp,ci95_high_pp,btm_only_successes,flow_only_successes
1000,25,20,0.4,0.5,-10.0,-35.0,15.0,2,4
1000,50,20,0.4,0.3,10.0,-10.0,30.0,3,1
1000,100,20,0.25,0.2,5.0,-15.0,25.0,3,2
2000,25,20,0.45,0.3,15.0,-10.0,40.0,5,2
2000,50,20,0.2,0.15,5.0,-10.0,20.0,2,1
2000,100,20,0.05,0.05,0.0,-15.0,15.0,1,1
2383,25,20,0.5,0.4,10.0,-10.0,30.0,3,1
2383,50,20,0.15,0.35,-20.0,-40.0,0.0,1,5
2383,100,20,0.1,0.2,-10.0,-30.0,10.0,1,3
3000,25,20,0.3,0.3,0.0,-25.0,25.0,4,4
3000,50,20,0.05,0.3,-25.0,-45.0,-5.0,0,5
3000,100,20,0.1,0.0,10.0,0.0,25.0,2,0
4000,25,20,0.45,0.5,-5.0,-25.0,15.0,2,3
4000,50,20,0.1,0.25,-15.0,-30.0,0.0,0,3
4000,100,20,0.0,0.15,-15.0,-30.0,0.0,0,3
4766,25,20,0.05,0.3,-25.0,-45.0,-5.0,0,5
4766,50,20,0.1,0.3,-20.0,-40.0,-5.0,0,4
4766,100,20,0.05,0.1,-5.0,-20.0,10.0,1,2
5000,25,20,0.2,0.45,-25.0,-50.0,5.0,2,7
5000,50,20,0.1,0.1,0.0,-15.0,15.0,1,1
5000,100,20,0.05,0.25,-20.0,-40.0,-5.0,0,4
6000,25,20,0.2,0.25,-5.0,-30.0,20.0,3,4
6000,50,20,0.2,0.05,15.0,0.0,30.0,3,0
6000,100,20,0.1,0.05,5.0,-10.0,20.0,2,1
7000,25,20,0.25,0.35,-10.0,-35.0,15.0,2,4
7000,50,20,0.1,0.1,0.0,-20.0,20.0,2,2
7000,100,20,0.1,0.2,-10.0,-25.0,0.0,0,2
7149,25,20,0.1,0.2,-10.0,-30.0,10.0,1,3
7149,50,20,0.15,0.1,5.0,-15.0,25.0,3,2
7149,100,20,0.1,0.15,-5.0,-25.0,15.0,2,3
8000,25,20,0.4,0.35,5.0,-15.0,25.0,3,2
8000,50,20,0.05,0.1,-5.0,-20.0,10.0,1,2
8000,100,20,0.1,0.1,0.0,-15.0,15.0,1,1
9000,25,20,0.25,0.25,0.0,-25.0,25.0,3,3
9000,50,20,0.05,0.2,-15.0,-30.0,0.0,0,3
9000,100,20,0.05,0.2,-15.0,-30.0,0.0,0,3
9532,25,20,0.25,0.35,-10.0,-40.0,20.0,4,6
9532,50,20,0.2,0.2,0.0,-20.0,20.0,2,2
9532,100,20,0.15,0.05,10.0,0.0,25.0,2,0
10000,25,20,0.3,0.25,5.0,-20.0,30.0,4,3
10000,50,20,0.15,0.2,-5.0,-20.0,10.0,1,2
10000,100,20,0.1,0.15,-5.0,-25.0,15.0,2,3
