method,step,comparison_role,offset,success_rate,successes,episodes,success_ci95_low,success_ci95_high,evaluation_seconds,planning_batch_latency_ms_mean,planning_batch_latency_ms_p95,selected_rollout_goal_mse,selected_rollout_waypoint_mse,observed_subgoal_mse_after_chunk,world_model_state_predictions,generator_nfe_per_candidate,planner_calls
btm,1000,validation_selected,25,0.4,8,20,0.21880396741419272,0.613422057684794,61.07227851636708,1133.9384919032454,1162.9648135975,0.2652466524159536,0.7042220839858055,0.7486606592551256,665600,1,40
btm,1000,validation_selected,50,0.4,8,20,0.21880396741419272,0.613422057684794,61.15105435624719,1135.6402209494263,1155.8512721210716,0.5518601047876291,0.8595792983472347,0.8583148473348373,665600,1,40
btm,1000,validation_selected,100,0.25,5,20,0.11186005278940309,0.4687050099580636,62.26879740692675,1141.913040773943,1154.1140930727122,0.8622644760820549,1.002154961153865,0.9126329024632772,665600,1,40
btm,23000,latest_matched,25,0.05,1,20,0.008881219432873136,0.23613589351256675,59.99533174559474,1108.6195891723037,1124.5467961765826,0.0955249075597385,0.13162468049675227,0.13223234618034882,665600,1,40
btm,23000,latest_matched,50,0.0,0,20,0,0.16113012549493322,60.98863058164716,1131.89915609546,1139.9461690336466,0.16794872665952426,0.17737538076937198,0.17327083342063884,665600,1,40
btm,23000,latest_matched,100,0.1,2,20,0.027865893984153206,0.30103820641179335,61.25022724084556,1131.777820782736,1146.4805230498314,0.5882327516161604,0.42294043154921385,0.2464773386907883,665600,1,40
btm,23830,unmatched_final,25,0.35,7,20,0.18118954786794464,0.5671494897805354,60.79270391911268,1129.6655303332955,1146.9775086268783,0.08410757297184318,0.11690532008651644,0.12284077033400535,665600,1,40
btm,23830,unmatched_final,50,0.2,4,20,0.0806563532712,0.41602172202575993,60.08258667588234,1110.5995347723365,1112.2918082401156,0.19834183067316188,0.18087079675402493,0.16020684275203026,665600,1,40
btm,23830,unmatched_final,100,0.05,1,20,0.008881219432873136,0.23613589351256675,61.893598491325974,1139.8435308597982,1159.3868415802717,0.535318990413216,0.3538753460953012,0.20971394031284712,665600,1,40
flow,1000,validation_selected,25,0.5,10,20,0.2992949144298199,0.7007050855701801,77.58869674243033,1548.1638863217086,1586.0645291395485,0.3588314427912701,0.39525139370933177,0.356217714284475,665600,16,40
flow,1000,validation_selected,50,0.3,6,20,0.14547527396899385,0.5189767762289793,78.1359883248806,1563.2094737607986,1581.7625406198204,0.6031287465477362,0.479329876396805,0.4152740685794598,665600,16,40
flow,1000,validation_selected,100,0.2,4,20,0.0806563532712,0.41602172202575993,78.87034792080522,1569.1985975019634,1590.433821734041,1.1120201917306987,0.6979721394181252,0.4988448734466846,665600,16,40
flow,23000,latest_matched,25,0.45,9,20,0.25819502085709295,0.6579179916924003,78.94331329874694,1576.3638294301927,1588.9337685890494,0.0661344899435062,0.054330498267663646,0.06756134739276977,665600,16,40
flow,23000,latest_matched,50,0.15,3,20,0.05236779195949584,0.36042329588695743,78.28765933960676,1569.9708920903504,1627.8250499628484,0.10554209157882724,0.07480173902469688,0.10595732918009163,665600,16,40
flow,23000,latest_matched,100,0.05,1,20,0.008881219432873136,0.23613589351256675,78.37946346402168,1561.3393722102046,1588.553121034056,0.36068275596306193,0.2501998606394045,0.18051720698579,665600,16,40
